/home/banana/Machine_Learning/CNN/MsCeleb/MsCelebV1-DevSet1/aligned/m.08gfnp.jpg,0
/home/banana/Machine_Learning/CNN/MsCeleb/MsCelebV1-DevSet1/aligned/m.06fkq8.jpg,1
/home/banana/Machine_Learning/CNN/MsCeleb/MsCelebV1-DevSet1/aligned/m.014g_f.jpg,2
/home/banana/Machine_Learning/CNN/MsCeleb/MsCelebV1-DevSet1/aligned/m.0cz8r2z.jpg,3
/home/banana/Machine_Learning/CNN/MsCeleb/MsCelebV1-DevSet1/aligned/m.01wk7b7.jpg,4
/home/banana/Machine_Learning/CNN/MsCeleb/MsCelebV1-DevSet1/aligned/m.04sv2g.jpg,5
/home/banana/Machine_Learning/CNN/MsCeleb/MsCelebV1-DevSet1/aligned/m.0139rh.jpg,6
/home/banana/Machine_Learning/CNN/MsCeleb/MsCelebV1-DevSet1/aligned/m.0731nj.jpg,7
/home/banana/Machine_Learning/CNN/MsCeleb/MsCelebV1-DevSet1/aligned/m.09vmll.jpg,8
/home/banana/Machine_Learning/CNN/MsCeleb/MsCelebV1-DevSet1/aligned/m.079mt4.jpg,9
/home/banana/Machine_Learning/CNN/MsCeleb/MsCelebV1-DevSet1/aligned/m.02g8h.jpg,10
/home/banana/Machine_Learning/CNN/MsCeleb/MsCelebV1-DevSet1/aligned/m.01bh6y.jpg,11
/home/banana/Machine_Learning/CNN/MsCeleb/MsCelebV1-DevSet1/aligned/m.0drnq_.jpg,12
/home/banana/Machine_Learning/CNN/MsCeleb/MsCelebV1-DevSet1/aligned/m.04zwk1n.jpg,13
/home/banana/Machine_Learning/CNN/MsCeleb/MsCelebV1-DevSet1/aligned/m.03x0k6.jpg,14
/home/banana/Machine_Learning/CNN/MsCeleb/MsCelebV1-DevSet1/aligned/m.0gh8vmq.jpg,15
/home/banana/Machine_Learning/CNN/MsCeleb/MsCelebV1-DevSet1/aligned/m.03f3s_m.jpg,16
/home/banana/Machine_Learning/CNN/MsCeleb/MsCelebV1-DevSet1/aligned/m.01c24d.jpg,17
/home/banana/Machine_Learning/CNN/MsCeleb/MsCelebV1-DevSet1/aligned/m.07_8gz.jpg,18
/home/banana/Machine_Learning/CNN/MsCeleb/MsCelebV1-DevSet1/aligned/m.0ks7_h.jpg,19
/home/banana/Machine_Learning/CNN/MsCeleb/MsCelebV1-DevSet1/aligned/m.043qnkh.jpg,20
/home/banana/Machine_Learning/CNN/MsCeleb/MsCelebV1-DevSet1/aligned/m.01vs68p.jpg,21
/home/banana/Machine_Learning/CNN/MsCeleb/MsCelebV1-DevSet1/aligned/m.02jgz6.jpg,22
/home/banana/Machine_Learning/CNN/MsCeleb/MsCelebV1-DevSet1/aligned/m.01jntl0.jpg,23
/home/banana/Machine_Learning/CNN/MsCeleb/MsCelebV1-DevSet1/aligned/m.0dsbldr.jpg,24
/home/banana/Machine_Learning/CNN/MsCeleb/MsCelebV1-DevSet1/aligned/m.0b22xm.jpg,25
/home/banana/Machine_Learning/CNN/MsCeleb/MsCelebV1-DevSet1/aligned/m.01wx9zs.jpg,26
/home/banana/Machine_Learning/CNN/MsCeleb/MsCelebV1-DevSet1/aligned/m.02rn40s.jpg,27
/home/banana/Machine_Learning/CNN/MsCeleb/MsCelebV1-DevSet1/aligned/m.041flc.jpg,28
/home/banana/Machine_Learning/CNN/MsCeleb/MsCelebV1-DevSet1/aligned/m.05h2k_8.jpg,29
/home/banana/Machine_Learning/CNN/MsCeleb/MsCelebV1-DevSet1/aligned/m.01pcq3.jpg,30
/home/banana/Machine_Learning/CNN/MsCeleb/MsCelebV1-DevSet1/aligned/m.0g6svdg.jpg,31
/home/banana/Machine_Learning/CNN/MsCeleb/MsCelebV1-DevSet1/aligned/m.04g06mx.jpg,32
/home/banana/Machine_Learning/CNN/MsCeleb/MsCelebV1-DevSet1/aligned/m.09j19m.jpg,33
/home/banana/Machine_Learning/CNN/MsCeleb/MsCelebV1-DevSet1/aligned/m.05mtml.jpg,34
/home/banana/Machine_Learning/CNN/MsCeleb/MsCelebV1-DevSet1/aligned/m.04cvmyj.jpg,35
/home/banana/Machine_Learning/CNN/MsCeleb/MsCelebV1-DevSet1/aligned/m.02ppp17.jpg,36
/home/banana/Machine_Learning/CNN/MsCeleb/MsCelebV1-DevSet1/aligned/m.06zk4zj.jpg,37
/home/banana/Machine_Learning/CNN/MsCeleb/MsCelebV1-DevSet1/aligned/m.0202p_.jpg,38
/home/banana/Machine_Learning/CNN/MsCeleb/MsCelebV1-DevSet1/aligned/m.07bpwm.jpg,39
/home/banana/Machine_Learning/CNN/MsCeleb/MsCelebV1-DevSet1/aligned/m.04gvrvs.jpg,40
/home/banana/Machine_Learning/CNN/MsCeleb/MsCelebV1-DevSet1/aligned/m.026c59t.jpg,41
/home/banana/Machine_Learning/CNN/MsCeleb/MsCelebV1-DevSet1/aligned/m.0804_dv.jpg,42
/home/banana/Machine_Learning/CNN/MsCeleb/MsCelebV1-DevSet1/aligned/m.033069.jpg,43
/home/banana/Machine_Learning/CNN/MsCeleb/MsCelebV1-DevSet1/aligned/m.05p5fh1.jpg,44
/home/banana/Machine_Learning/CNN/MsCeleb/MsCelebV1-DevSet1/aligned/m.095yd1.jpg,45
/home/banana/Machine_Learning/CNN/MsCeleb/MsCelebV1-DevSet1/aligned/m.02wcyp1.jpg,46
/home/banana/Machine_Learning/CNN/MsCeleb/MsCelebV1-DevSet1/aligned/m.05p0cb8.jpg,47
/home/banana/Machine_Learning/CNN/MsCeleb/MsCelebV1-DevSet1/aligned/m.07kcbw9.jpg,48
/home/banana/Machine_Learning/CNN/MsCeleb/MsCelebV1-DevSet1/aligned/m.07p57j.jpg,49
/home/banana/Machine_Learning/CNN/MsCeleb/MsCelebV1-DevSet1/aligned/m.014m_1.jpg,50
/home/banana/Machine_Learning/CNN/MsCeleb/MsCelebV1-DevSet1/aligned/m.0fzjhv.jpg,51
/home/banana/Machine_Learning/CNN/MsCeleb/MsCelebV1-DevSet1/aligned/m.0glr3mj.jpg,52
/home/banana/Machine_Learning/CNN/MsCeleb/MsCelebV1-DevSet1/aligned/m.06w6vg.jpg,53
/home/banana/Machine_Learning/CNN/MsCeleb/MsCelebV1-DevSet1/aligned/m.01xg_w.jpg,54
/home/banana/Machine_Learning/CNN/MsCeleb/MsCelebV1-DevSet1/aligned/m.0j59j0d.jpg,55
/home/banana/Machine_Learning/CNN/MsCeleb/MsCelebV1-DevSet1/aligned/m.04z_whh.jpg,56
/home/banana/Machine_Learning/CNN/MsCeleb/MsCelebV1-DevSet1/aligned/m.02r7xd1.jpg,57
/home/banana/Machine_Learning/CNN/MsCeleb/MsCelebV1-DevSet1/aligned/m.02dtl8.jpg,58
/home/banana/Machine_Learning/CNN/MsCeleb/MsCelebV1-DevSet1/aligned/m.03sy5d.jpg,59
/home/banana/Machine_Learning/CNN/MsCeleb/MsCelebV1-DevSet1/aligned/m.03flm.jpg,60
/home/banana/Machine_Learning/CNN/MsCeleb/MsCelebV1-DevSet1/aligned/m.02qvqh0.jpg,61
/home/banana/Machine_Learning/CNN/MsCeleb/MsCelebV1-DevSet1/aligned/m.0270smr.jpg,62
/home/banana/Machine_Learning/CNN/MsCeleb/MsCelebV1-DevSet1/aligned/m.01b5sg.jpg,63
/home/banana/Machine_Learning/CNN/MsCeleb/MsCelebV1-DevSet1/aligned/m.025xxb.jpg,64
/home/banana/Machine_Learning/CNN/MsCeleb/MsCelebV1-DevSet1/aligned/m.03ctcxn.jpg,65
/home/banana/Machine_Learning/CNN/MsCeleb/MsCelebV1-DevSet1/aligned/m.09t9lr.jpg,66
/home/banana/Machine_Learning/CNN/MsCeleb/MsCelebV1-DevSet1/aligned/m.021v9r.jpg,67
/home/banana/Machine_Learning/CNN/MsCeleb/MsCelebV1-DevSet1/aligned/m.05f6yf4.jpg,68
/home/banana/Machine_Learning/CNN/MsCeleb/MsCelebV1-DevSet1/aligned/m.0brtdb.jpg,69
/home/banana/Machine_Learning/CNN/MsCeleb/MsCelebV1-DevSet1/aligned/m.0649dh.jpg,70
/home/banana/Machine_Learning/CNN/MsCeleb/MsCelebV1-DevSet1/aligned/m.04q86bj.jpg,71
/home/banana/Machine_Learning/CNN/MsCeleb/MsCelebV1-DevSet1/aligned/m.09ntxy.jpg,72
/home/banana/Machine_Learning/CNN/MsCeleb/MsCelebV1-DevSet1/aligned/m.04n56qz.jpg,73
/home/banana/Machine_Learning/CNN/MsCeleb/MsCelebV1-DevSet1/aligned/m.01vvpk9.jpg,74
/home/banana/Machine_Learning/CNN/MsCeleb/MsCelebV1-DevSet1/aligned/m.02kgy2.jpg,75
/home/banana/Machine_Learning/CNN/MsCeleb/MsCelebV1-DevSet1/aligned/m.05_wp1.jpg,76
/home/banana/Machine_Learning/CNN/MsCeleb/MsCelebV1-DevSet1/aligned/m.0d_w90.jpg,77
/home/banana/Machine_Learning/CNN/MsCeleb/MsCelebV1-DevSet1/aligned/m.06gnxk.jpg,78
/home/banana/Machine_Learning/CNN/MsCeleb/MsCelebV1-DevSet1/aligned/m.03cdmy_.jpg,79
/home/banana/Machine_Learning/CNN/MsCeleb/MsCelebV1-DevSet1/aligned/m.0605gk.jpg,80
/home/banana/Machine_Learning/CNN/MsCeleb/MsCelebV1-DevSet1/aligned/m.09cpg7.jpg,81
/home/banana/Machine_Learning/CNN/MsCeleb/MsCelebV1-DevSet1/aligned/m.0775c9.jpg,82
/home/banana/Machine_Learning/CNN/MsCeleb/MsCelebV1-DevSet1/aligned/m.02y6kl.jpg,83
/home/banana/Machine_Learning/CNN/MsCeleb/MsCelebV1-DevSet1/aligned/m.027gyp5.jpg,84
/home/banana/Machine_Learning/CNN/MsCeleb/MsCelebV1-DevSet1/aligned/m.0dz361.jpg,85
/home/banana/Machine_Learning/CNN/MsCeleb/MsCelebV1-DevSet1/aligned/m.02wx6g.jpg,86
/home/banana/Machine_Learning/CNN/MsCeleb/MsCelebV1-DevSet1/aligned/m.07dc34.jpg,87
/home/banana/Machine_Learning/CNN/MsCeleb/MsCelebV1-DevSet1/aligned/m.01pn75d.jpg,88
/home/banana/Machine_Learning/CNN/MsCeleb/MsCelebV1-DevSet1/aligned/m.06bzcd.jpg,89
/home/banana/Machine_Learning/CNN/MsCeleb/MsCelebV1-DevSet1/aligned/m.0261cn.jpg,90
/home/banana/Machine_Learning/CNN/MsCeleb/MsCelebV1-DevSet1/aligned/m.0l8gxl4.jpg,91
/home/banana/Machine_Learning/CNN/MsCeleb/MsCelebV1-DevSet1/aligned/m.01w_wfs.jpg,92
/home/banana/Machine_Learning/CNN/MsCeleb/MsCelebV1-DevSet1/aligned/m.047cqr.jpg,93
/home/banana/Machine_Learning/CNN/MsCeleb/MsCelebV1-DevSet1/aligned/m.03cbfhn.jpg,94
/home/banana/Machine_Learning/CNN/MsCeleb/MsCelebV1-DevSet1/aligned/m.0jt88b3.jpg,95
/home/banana/Machine_Learning/CNN/MsCeleb/MsCelebV1-DevSet1/aligned/m.0d1_f.jpg,96
/home/banana/Machine_Learning/CNN/MsCeleb/MsCelebV1-DevSet1/aligned/m.025x838.jpg,97
/home/banana/Machine_Learning/CNN/MsCeleb/MsCelebV1-DevSet1/aligned/m.02dk96.jpg,98
/home/banana/Machine_Learning/CNN/MsCeleb/MsCelebV1-DevSet1/aligned/m.0bds4h.jpg,99
/home/banana/Machine_Learning/CNN/MsCeleb/MsCelebV1-DevSet1/aligned/m.0hzpkh0.jpg,100
/home/banana/Machine_Learning/CNN/MsCeleb/MsCelebV1-DevSet1/aligned/m.03npx27.jpg,101
/home/banana/Machine_Learning/CNN/MsCeleb/MsCelebV1-DevSet1/aligned/m.03mbxht.jpg,102
/home/banana/Machine_Learning/CNN/MsCeleb/MsCelebV1-DevSet1/aligned/m.09ghbq.jpg,103
/home/banana/Machine_Learning/CNN/MsCeleb/MsCelebV1-DevSet1/aligned/m.01fdsm.jpg,104
/home/banana/Machine_Learning/CNN/MsCeleb/MsCelebV1-DevSet1/aligned/m.04lhqfv.jpg,105
/home/banana/Machine_Learning/CNN/MsCeleb/MsCelebV1-DevSet1/aligned/m.09gndxm.jpg,106
/home/banana/Machine_Learning/CNN/MsCeleb/MsCelebV1-DevSet1/aligned/m.0ff2k.jpg,107
/home/banana/Machine_Learning/CNN/MsCeleb/MsCelebV1-DevSet1/aligned/m.086d_b.jpg,108
/home/banana/Machine_Learning/CNN/MsCeleb/MsCelebV1-DevSet1/aligned/m.01hqd4.jpg,109
/home/banana/Machine_Learning/CNN/MsCeleb/MsCelebV1-DevSet1/aligned/m.0bkx7d.jpg,110
/home/banana/Machine_Learning/CNN/MsCeleb/MsCelebV1-DevSet1/aligned/m.015f7.jpg,111
/home/banana/Machine_Learning/CNN/MsCeleb/MsCelebV1-DevSet1/aligned/m.063ym62.jpg,112
/home/banana/Machine_Learning/CNN/MsCeleb/MsCelebV1-DevSet1/aligned/m.01vf_pf.jpg,113
/home/banana/Machine_Learning/CNN/MsCeleb/MsCelebV1-DevSet1/aligned/m.03vw5g.jpg,114
/home/banana/Machine_Learning/CNN/MsCeleb/MsCelebV1-DevSet1/aligned/m.02x06cr.jpg,115
/home/banana/Machine_Learning/CNN/MsCeleb/MsCelebV1-DevSet1/aligned/m.0bkmf.jpg,116
/home/banana/Machine_Learning/CNN/MsCeleb/MsCelebV1-DevSet1/aligned/m.06y030.jpg,117
/home/banana/Machine_Learning/CNN/MsCeleb/MsCelebV1-DevSet1/aligned/m.0h1djjb.jpg,118
/home/banana/Machine_Learning/CNN/MsCeleb/MsCelebV1-DevSet1/aligned/m.041q7j.jpg,119
/home/banana/Machine_Learning/CNN/MsCeleb/MsCelebV1-DevSet1/aligned/m.09v6xqw.jpg,120
/home/banana/Machine_Learning/CNN/MsCeleb/MsCelebV1-DevSet1/aligned/m.027vcb0.jpg,121
/home/banana/Machine_Learning/CNN/MsCeleb/MsCelebV1-DevSet1/aligned/m.02ch1w.jpg,122
/home/banana/Machine_Learning/CNN/MsCeleb/MsCelebV1-DevSet1/aligned/m.08wdkk.jpg,123
/home/banana/Machine_Learning/CNN/MsCeleb/MsCelebV1-DevSet1/aligned/m.0cn_h3.jpg,124
/home/banana/Machine_Learning/CNN/MsCeleb/MsCelebV1-DevSet1/aligned/m.03dzh8.jpg,125
/home/banana/Machine_Learning/CNN/MsCeleb/MsCelebV1-DevSet1/aligned/m.0g5rt3z.jpg,126
/home/banana/Machine_Learning/CNN/MsCeleb/MsCelebV1-DevSet1/aligned/m.0f0y8.jpg,127
/home/banana/Machine_Learning/CNN/MsCeleb/MsCelebV1-DevSet1/aligned/m.026sfgr.jpg,128
/home/banana/Machine_Learning/CNN/MsCeleb/MsCelebV1-DevSet1/aligned/m.0hqfr.jpg,129
/home/banana/Machine_Learning/CNN/MsCeleb/MsCelebV1-DevSet1/aligned/m.0ljf9nv.jpg,130
/home/banana/Machine_Learning/CNN/MsCeleb/MsCelebV1-DevSet1/aligned/m.0gktk2.jpg,131
/home/banana/Machine_Learning/CNN/MsCeleb/MsCelebV1-DevSet1/aligned/m.02wxh8.jpg,132
/home/banana/Machine_Learning/CNN/MsCeleb/MsCelebV1-DevSet1/aligned/m.03nq70.jpg,133
/home/banana/Machine_Learning/CNN/MsCeleb/MsCelebV1-DevSet1/aligned/m.02vq83x.jpg,134
/home/banana/Machine_Learning/CNN/MsCeleb/MsCelebV1-DevSet1/aligned/m.025r7k.jpg,135
/home/banana/Machine_Learning/CNN/MsCeleb/MsCelebV1-DevSet1/aligned/m.0ryvft4.jpg,136
/home/banana/Machine_Learning/CNN/MsCeleb/MsCelebV1-DevSet1/aligned/m.0gmtk9.jpg,137
/home/banana/Machine_Learning/CNN/MsCeleb/MsCelebV1-DevSet1/aligned/m.0g8471.jpg,138
/home/banana/Machine_Learning/CNN/MsCeleb/MsCelebV1-DevSet1/aligned/m.01wvnws.jpg,139
/home/banana/Machine_Learning/CNN/MsCeleb/MsCelebV1-DevSet1/aligned/m.0bwg9h1.jpg,140
/home/banana/Machine_Learning/CNN/MsCeleb/MsCelebV1-DevSet1/aligned/m.01m65sp.jpg,141
/home/banana/Machine_Learning/CNN/MsCeleb/MsCelebV1-DevSet1/aligned/m.0266r6h.jpg,142
/home/banana/Machine_Learning/CNN/MsCeleb/MsCelebV1-DevSet1/aligned/m.0jkvr5f.jpg,143
/home/banana/Machine_Learning/CNN/MsCeleb/MsCelebV1-DevSet1/aligned/m.02w4fkq.jpg,144
/home/banana/Machine_Learning/CNN/MsCeleb/MsCelebV1-DevSet1/aligned/m.052vrq.jpg,145
/home/banana/Machine_Learning/CNN/MsCeleb/MsCelebV1-DevSet1/aligned/m.09mkd9.jpg,146
/home/banana/Machine_Learning/CNN/MsCeleb/MsCelebV1-DevSet1/aligned/m.02qcxk0.jpg,147
/home/banana/Machine_Learning/CNN/MsCeleb/MsCelebV1-DevSet1/aligned/m.0fbnkh.jpg,148
/home/banana/Machine_Learning/CNN/MsCeleb/MsCelebV1-DevSet1/aligned/m.0kd58jn.jpg,149
/home/banana/Machine_Learning/CNN/MsCeleb/MsCelebV1-DevSet1/aligned/m.0gfll9.jpg,150
/home/banana/Machine_Learning/CNN/MsCeleb/MsCelebV1-DevSet1/aligned/m.02q36pp.jpg,151
/home/banana/Machine_Learning/CNN/MsCeleb/MsCelebV1-DevSet1/aligned/m.076bh6.jpg,152
/home/banana/Machine_Learning/CNN/MsCeleb/MsCelebV1-DevSet1/aligned/m.02dtry.jpg,153
/home/banana/Machine_Learning/CNN/MsCeleb/MsCelebV1-DevSet1/aligned/m.02vlgc8.jpg,154
/home/banana/Machine_Learning/CNN/MsCeleb/MsCelebV1-DevSet1/aligned/m.047y9r.jpg,155
/home/banana/Machine_Learning/CNN/MsCeleb/MsCelebV1-DevSet1/aligned/m.01zw05.jpg,156
/home/banana/Machine_Learning/CNN/MsCeleb/MsCelebV1-DevSet1/aligned/m.01p1lf.jpg,157
/home/banana/Machine_Learning/CNN/MsCeleb/MsCelebV1-DevSet1/aligned/m.05nbh3.jpg,158
/home/banana/Machine_Learning/CNN/MsCeleb/MsCelebV1-DevSet1/aligned/m.05xqs3.jpg,159
/home/banana/Machine_Learning/CNN/MsCeleb/MsCelebV1-DevSet1/aligned/m.09v88v4.jpg,160
/home/banana/Machine_Learning/CNN/MsCeleb/MsCelebV1-DevSet1/aligned/m.02qmw8v.jpg,161
/home/banana/Machine_Learning/CNN/MsCeleb/MsCelebV1-DevSet1/aligned/m.0g8869.jpg,162
/home/banana/Machine_Learning/CNN/MsCeleb/MsCelebV1-DevSet1/aligned/m.057s53j.jpg,163
/home/banana/Machine_Learning/CNN/MsCeleb/MsCelebV1-DevSet1/aligned/m.0577_gt.jpg,164
/home/banana/Machine_Learning/CNN/MsCeleb/MsCelebV1-DevSet1/aligned/m.02x0jq6.jpg,165
/home/banana/Machine_Learning/CNN/MsCeleb/MsCelebV1-DevSet1/aligned/m.055mwh1.jpg,166
/home/banana/Machine_Learning/CNN/MsCeleb/MsCelebV1-DevSet1/aligned/m.015pvh.jpg,167
/home/banana/Machine_Learning/CNN/MsCeleb/MsCelebV1-DevSet1/aligned/m.0g6k43.jpg,168
/home/banana/Machine_Learning/CNN/MsCeleb/MsCelebV1-DevSet1/aligned/m.06zpltg.jpg,169
/home/banana/Machine_Learning/CNN/MsCeleb/MsCelebV1-DevSet1/aligned/m.08xs94.jpg,170
/home/banana/Machine_Learning/CNN/MsCeleb/MsCelebV1-DevSet1/aligned/m.02z66x.jpg,171
/home/banana/Machine_Learning/CNN/MsCeleb/MsCelebV1-DevSet1/aligned/m.05g1k0.jpg,172
/home/banana/Machine_Learning/CNN/MsCeleb/MsCelebV1-DevSet1/aligned/m.02_8cx.jpg,173
/home/banana/Machine_Learning/CNN/MsCeleb/MsCelebV1-DevSet1/aligned/m.02pm71h.jpg,174
/home/banana/Machine_Learning/CNN/MsCeleb/MsCelebV1-DevSet1/aligned/m.07h_4p.jpg,175
/home/banana/Machine_Learning/CNN/MsCeleb/MsCelebV1-DevSet1/aligned/m.01nhrrw.jpg,176
/home/banana/Machine_Learning/CNN/MsCeleb/MsCelebV1-DevSet1/aligned/m.047qr7t.jpg,177
/home/banana/Machine_Learning/CNN/MsCeleb/MsCelebV1-DevSet1/aligned/m.02pl77.jpg,178
/home/banana/Machine_Learning/CNN/MsCeleb/MsCelebV1-DevSet1/aligned/m.049fcmc.jpg,179
/home/banana/Machine_Learning/CNN/MsCeleb/MsCelebV1-DevSet1/aligned/m.0ch6l3m.jpg,180
/home/banana/Machine_Learning/CNN/MsCeleb/MsCelebV1-DevSet1/aligned/m.02z039.jpg,181
/home/banana/Machine_Learning/CNN/MsCeleb/MsCelebV1-DevSet1/aligned/m.06p8g0.jpg,182
/home/banana/Machine_Learning/CNN/MsCeleb/MsCelebV1-DevSet1/aligned/m.033xb6.jpg,183
/home/banana/Machine_Learning/CNN/MsCeleb/MsCelebV1-DevSet1/aligned/m.0gnb0g.jpg,184
/home/banana/Machine_Learning/CNN/MsCeleb/MsCelebV1-DevSet1/aligned/m.07k4pgq.jpg,185
/home/banana/Machine_Learning/CNN/MsCeleb/MsCelebV1-DevSet1/aligned/m.03bbdn.jpg,186
/home/banana/Machine_Learning/CNN/MsCeleb/MsCelebV1-DevSet1/aligned/m.0d2gn3.jpg,187
/home/banana/Machine_Learning/CNN/MsCeleb/MsCelebV1-DevSet1/aligned/m.02x3rcx.jpg,188
/home/banana/Machine_Learning/CNN/MsCeleb/MsCelebV1-DevSet1/aligned/m.04rfng.jpg,189
/home/banana/Machine_Learning/CNN/MsCeleb/MsCelebV1-DevSet1/aligned/m.05p8rs1.jpg,190
/home/banana/Machine_Learning/CNN/MsCeleb/MsCelebV1-DevSet1/aligned/m.0n49_c6.jpg,191
/home/banana/Machine_Learning/CNN/MsCeleb/MsCelebV1-DevSet1/aligned/m.03txbq.jpg,192
/home/banana/Machine_Learning/CNN/MsCeleb/MsCelebV1-DevSet1/aligned/m.0d3nr.jpg,193
/home/banana/Machine_Learning/CNN/MsCeleb/MsCelebV1-DevSet1/aligned/m.02hf9k.jpg,194
/home/banana/Machine_Learning/CNN/MsCeleb/MsCelebV1-DevSet1/aligned/m.046y3.jpg,195
/home/banana/Machine_Learning/CNN/MsCeleb/MsCelebV1-DevSet1/aligned/m.03b_5sv.jpg,196
/home/banana/Machine_Learning/CNN/MsCeleb/MsCelebV1-DevSet1/aligned/m.076zx_r.jpg,197
/home/banana/Machine_Learning/CNN/MsCeleb/MsCelebV1-DevSet1/aligned/m.06w3swt.jpg,198
/home/banana/Machine_Learning/CNN/MsCeleb/MsCelebV1-DevSet1/aligned/m.03twmn.jpg,199
/home/banana/Machine_Learning/CNN/MsCeleb/MsCelebV1-DevSet1/aligned/m.03_8jj.jpg,200
/home/banana/Machine_Learning/CNN/MsCeleb/MsCelebV1-DevSet1/aligned/m.05p64hp.jpg,201
/home/banana/Machine_Learning/CNN/MsCeleb/MsCelebV1-DevSet1/aligned/m.02rmf36.jpg,202
/home/banana/Machine_Learning/CNN/MsCeleb/MsCelebV1-DevSet1/aligned/m.0tj9.jpg,203
/home/banana/Machine_Learning/CNN/MsCeleb/MsCelebV1-DevSet1/aligned/m.0126rp.jpg,204
/home/banana/Machine_Learning/CNN/MsCeleb/MsCelebV1-DevSet1/aligned/m.02r32yg.jpg,205
/home/banana/Machine_Learning/CNN/MsCeleb/MsCelebV1-DevSet1/aligned/m.0275dmj.jpg,206
/home/banana/Machine_Learning/CNN/MsCeleb/MsCelebV1-DevSet1/aligned/m.02vggs.jpg,207
/home/banana/Machine_Learning/CNN/MsCeleb/MsCelebV1-DevSet1/aligned/m.05hks.jpg,208
/home/banana/Machine_Learning/CNN/MsCeleb/MsCelebV1-DevSet1/aligned/m.06dhmv.jpg,209
/home/banana/Machine_Learning/CNN/MsCeleb/MsCelebV1-DevSet1/aligned/m.0j7jmtp.jpg,210
/home/banana/Machine_Learning/CNN/MsCeleb/MsCelebV1-DevSet1/aligned/m.04jf15w.jpg,211
/home/banana/Machine_Learning/CNN/MsCeleb/MsCelebV1-DevSet1/aligned/m.01kgsl.jpg,212
/home/banana/Machine_Learning/CNN/MsCeleb/MsCelebV1-DevSet1/aligned/m.05xmp5.jpg,213
/home/banana/Machine_Learning/CNN/MsCeleb/MsCelebV1-DevSet1/aligned/m.02k4b2.jpg,214
/home/banana/Machine_Learning/CNN/MsCeleb/MsCelebV1-DevSet1/aligned/m.04f_phh.jpg,215
/home/banana/Machine_Learning/CNN/MsCeleb/MsCelebV1-DevSet1/aligned/m.0gdklbx.jpg,216
/home/banana/Machine_Learning/CNN/MsCeleb/MsCelebV1-DevSet1/aligned/m.0b0kzw.jpg,217
/home/banana/Machine_Learning/CNN/MsCeleb/MsCelebV1-DevSet1/aligned/m.017mhw.jpg,218
/home/banana/Machine_Learning/CNN/MsCeleb/MsCelebV1-DevSet1/aligned/m.0qb4t12.jpg,219
/home/banana/Machine_Learning/CNN/MsCeleb/MsCelebV1-DevSet1/aligned/m.08dn0l.jpg,220
/home/banana/Machine_Learning/CNN/MsCeleb/MsCelebV1-DevSet1/aligned/m.0330v6.jpg,221
/home/banana/Machine_Learning/CNN/MsCeleb/MsCelebV1-DevSet1/aligned/m.04zqhn.jpg,222
/home/banana/Machine_Learning/CNN/MsCeleb/MsCelebV1-DevSet1/aligned/m.03gttyr.jpg,223
/home/banana/Machine_Learning/CNN/MsCeleb/MsCelebV1-DevSet1/aligned/m.03m6y_b.jpg,224
/home/banana/Machine_Learning/CNN/MsCeleb/MsCelebV1-DevSet1/aligned/m.06mn7.jpg,225
/home/banana/Machine_Learning/CNN/MsCeleb/MsCelebV1-DevSet1/aligned/m.0k269.jpg,226
/home/banana/Machine_Learning/CNN/MsCeleb/MsCelebV1-DevSet1/aligned/m.02rmfm.jpg,227
/home/banana/Machine_Learning/CNN/MsCeleb/MsCelebV1-DevSet1/aligned/m.02r3rr7.jpg,228
/home/banana/Machine_Learning/CNN/MsCeleb/MsCelebV1-DevSet1/aligned/m.0nb18xp.jpg,229
/home/banana/Machine_Learning/CNN/MsCeleb/MsCelebV1-DevSet1/aligned/m.0k53j3.jpg,230
/home/banana/Machine_Learning/CNN/MsCeleb/MsCelebV1-DevSet1/aligned/m.09gds74.jpg,231
/home/banana/Machine_Learning/CNN/MsCeleb/MsCelebV1-DevSet1/aligned/m.06ztcy.jpg,232
/home/banana/Machine_Learning/CNN/MsCeleb/MsCelebV1-DevSet1/aligned/m.066l_2y.jpg,233
/home/banana/Machine_Learning/CNN/MsCeleb/MsCelebV1-DevSet1/aligned/m.0h94lgp.jpg,234
/home/banana/Machine_Learning/CNN/MsCeleb/MsCelebV1-DevSet1/aligned/m.02r2t_d.jpg,235
/home/banana/Machine_Learning/CNN/MsCeleb/MsCelebV1-DevSet1/aligned/m.021rms.jpg,236
/home/banana/Machine_Learning/CNN/MsCeleb/MsCelebV1-DevSet1/aligned/m.03lb1q.jpg,237
/home/banana/Machine_Learning/CNN/MsCeleb/MsCelebV1-DevSet1/aligned/m.0gvrdp3.jpg,238
/home/banana/Machine_Learning/CNN/MsCeleb/MsCelebV1-DevSet1/aligned/m.09jr92.jpg,239
/home/banana/Machine_Learning/CNN/MsCeleb/MsCelebV1-DevSet1/aligned/m.01vwllw.jpg,240
/home/banana/Machine_Learning/CNN/MsCeleb/MsCelebV1-DevSet1/aligned/m.0jt7ypz.jpg,241
/home/banana/Machine_Learning/CNN/MsCeleb/MsCelebV1-DevSet1/aligned/m.0l8ngxh.jpg,242
/home/banana/Machine_Learning/CNN/MsCeleb/MsCelebV1-DevSet1/aligned/m.0g9t7_0.jpg,243
/home/banana/Machine_Learning/CNN/MsCeleb/MsCelebV1-DevSet1/aligned/m.0g2ycr.jpg,244
/home/banana/Machine_Learning/CNN/MsCeleb/MsCelebV1-DevSet1/aligned/m.0gwzpbh.jpg,245
/home/banana/Machine_Learning/CNN/MsCeleb/MsCelebV1-DevSet1/aligned/m.0c6lth.jpg,246
/home/banana/Machine_Learning/CNN/MsCeleb/MsCelebV1-DevSet1/aligned/m.04zzzw0.jpg,247
/home/banana/Machine_Learning/CNN/MsCeleb/MsCelebV1-DevSet1/aligned/m.0h7q486.jpg,248
/home/banana/Machine_Learning/CNN/MsCeleb/MsCelebV1-DevSet1/aligned/m.0gv5c.jpg,249
/home/banana/Machine_Learning/CNN/MsCeleb/MsCelebV1-DevSet1/aligned/m.0fpj63z.jpg,250
/home/banana/Machine_Learning/CNN/MsCeleb/MsCelebV1-DevSet1/aligned/m.01f873.jpg,251
/home/banana/Machine_Learning/CNN/MsCeleb/MsCelebV1-DevSet1/aligned/m.016hvl.jpg,252
/home/banana/Machine_Learning/CNN/MsCeleb/MsCelebV1-DevSet1/aligned/m.07khntc.jpg,253
/home/banana/Machine_Learning/CNN/MsCeleb/MsCelebV1-DevSet1/aligned/m.0bh9pqh.jpg,254
/home/banana/Machine_Learning/CNN/MsCeleb/MsCelebV1-DevSet1/aligned/m.02q9lz.jpg,255
/home/banana/Machine_Learning/CNN/MsCeleb/MsCelebV1-DevSet1/aligned/m.01c6dg.jpg,256
/home/banana/Machine_Learning/CNN/MsCeleb/MsCelebV1-DevSet1/aligned/m.0h1gw0.jpg,257
/home/banana/Machine_Learning/CNN/MsCeleb/MsCelebV1-DevSet1/aligned/m.03ldlh.jpg,258
/home/banana/Machine_Learning/CNN/MsCeleb/MsCelebV1-DevSet1/aligned/m.0c6m94.jpg,259
/home/banana/Machine_Learning/CNN/MsCeleb/MsCelebV1-DevSet1/aligned/m.06tg05.jpg,260
/home/banana/Machine_Learning/CNN/MsCeleb/MsCelebV1-DevSet1/aligned/m.0r4xqmh.jpg,261
/home/banana/Machine_Learning/CNN/MsCeleb/MsCelebV1-DevSet1/aligned/m.05lbdf.jpg,262
/home/banana/Machine_Learning/CNN/MsCeleb/MsCelebV1-DevSet1/aligned/m.09l0yt.jpg,263
/home/banana/Machine_Learning/CNN/MsCeleb/MsCelebV1-DevSet1/aligned/m.0h7th7.jpg,264
/home/banana/Machine_Learning/CNN/MsCeleb/MsCelebV1-DevSet1/aligned/m.03c7sbc.jpg,265
/home/banana/Machine_Learning/CNN/MsCeleb/MsCelebV1-DevSet1/aligned/m.02rs3jb.jpg,266
/home/banana/Machine_Learning/CNN/MsCeleb/MsCelebV1-DevSet1/aligned/m.04mxc12.jpg,267
/home/banana/Machine_Learning/CNN/MsCeleb/MsCelebV1-DevSet1/aligned/m.0gfgrb0.jpg,268
/home/banana/Machine_Learning/CNN/MsCeleb/MsCelebV1-DevSet1/aligned/m.01m29m.jpg,269
/home/banana/Machine_Learning/CNN/MsCeleb/MsCelebV1-DevSet1/aligned/m.04fjzg.jpg,270
/home/banana/Machine_Learning/CNN/MsCeleb/MsCelebV1-DevSet1/aligned/m.07df0w.jpg,271
/home/banana/Machine_Learning/CNN/MsCeleb/MsCelebV1-DevSet1/aligned/m.01z0rcq.jpg,272
/home/banana/Machine_Learning/CNN/MsCeleb/MsCelebV1-DevSet1/aligned/m.0414qm3.jpg,273
/home/banana/Machine_Learning/CNN/MsCeleb/MsCelebV1-DevSet1/aligned/m.08ds1w.jpg,274
/home/banana/Machine_Learning/CNN/MsCeleb/MsCelebV1-DevSet1/aligned/m.03cshrw.jpg,275
/home/banana/Machine_Learning/CNN/MsCeleb/MsCelebV1-DevSet1/aligned/m.06x0n3.jpg,276
/home/banana/Machine_Learning/CNN/MsCeleb/MsCelebV1-DevSet1/aligned/m.0dbylf.jpg,277
/home/banana/Machine_Learning/CNN/MsCeleb/MsCelebV1-DevSet1/aligned/m.015nvj.jpg,278
/home/banana/Machine_Learning/CNN/MsCeleb/MsCelebV1-DevSet1/aligned/m.04928s.jpg,279
/home/banana/Machine_Learning/CNN/MsCeleb/MsCelebV1-DevSet1/aligned/m.0dqfx2.jpg,280
/home/banana/Machine_Learning/CNN/MsCeleb/MsCelebV1-DevSet1/aligned/m.01wrdd3.jpg,281
/home/banana/Machine_Learning/CNN/MsCeleb/MsCelebV1-DevSet1/aligned/m.0b6h6y.jpg,282
/home/banana/Machine_Learning/CNN/MsCeleb/MsCelebV1-DevSet1/aligned/m.01vw5ts.jpg,283
/home/banana/Machine_Learning/CNN/MsCeleb/MsCelebV1-DevSet1/aligned/m.01nbq4.jpg,284
/home/banana/Machine_Learning/CNN/MsCeleb/MsCelebV1-DevSet1/aligned/m.0562g8z.jpg,285
/home/banana/Machine_Learning/CNN/MsCeleb/MsCelebV1-DevSet1/aligned/m.04yx08.jpg,286
/home/banana/Machine_Learning/CNN/MsCeleb/MsCelebV1-DevSet1/aligned/m.0ch4jbs.jpg,287
/home/banana/Machine_Learning/CNN/MsCeleb/MsCelebV1-DevSet1/aligned/m.037mbb.jpg,288
/home/banana/Machine_Learning/CNN/MsCeleb/MsCelebV1-DevSet1/aligned/m.01x53m.jpg,289
/home/banana/Machine_Learning/CNN/MsCeleb/MsCelebV1-DevSet1/aligned/m.02wwrl0.jpg,290
/home/banana/Machine_Learning/CNN/MsCeleb/MsCelebV1-DevSet1/aligned/m.09y78j.jpg,291
/home/banana/Machine_Learning/CNN/MsCeleb/MsCelebV1-DevSet1/aligned/m.080k_62.jpg,292
/home/banana/Machine_Learning/CNN/MsCeleb/MsCelebV1-DevSet1/aligned/m.01rt5r7.jpg,293
/home/banana/Machine_Learning/CNN/MsCeleb/MsCelebV1-DevSet1/aligned/m.0hfml.jpg,294
/home/banana/Machine_Learning/CNN/MsCeleb/MsCelebV1-DevSet1/aligned/m.0gy6z9.jpg,295
/home/banana/Machine_Learning/CNN/MsCeleb/MsCelebV1-DevSet1/aligned/m.06zsjw.jpg,296
/home/banana/Machine_Learning/CNN/MsCeleb/MsCelebV1-DevSet1/aligned/m.05zw083.jpg,297
/home/banana/Machine_Learning/CNN/MsCeleb/MsCelebV1-DevSet1/aligned/m.01j79_.jpg,298
/home/banana/Machine_Learning/CNN/MsCeleb/MsCelebV1-DevSet1/aligned/m.02q06m0.jpg,299
/home/banana/Machine_Learning/CNN/MsCeleb/MsCelebV1-DevSet1/aligned/m.026c7vd.jpg,300
/home/banana/Machine_Learning/CNN/MsCeleb/MsCelebV1-DevSet1/aligned/m.0bh96hd.jpg,301
/home/banana/Machine_Learning/CNN/MsCeleb/MsCelebV1-DevSet1/aligned/m.0cx3m2.jpg,302
/home/banana/Machine_Learning/CNN/MsCeleb/MsCelebV1-DevSet1/aligned/m.01m29sh.jpg,303
/home/banana/Machine_Learning/CNN/MsCeleb/MsCelebV1-DevSet1/aligned/m.0h0p_.jpg,304
/home/banana/Machine_Learning/CNN/MsCeleb/MsCelebV1-DevSet1/aligned/m.03r3c7.jpg,305
/home/banana/Machine_Learning/CNN/MsCeleb/MsCelebV1-DevSet1/aligned/m.03573y.jpg,306
/home/banana/Machine_Learning/CNN/MsCeleb/MsCelebV1-DevSet1/aligned/m.03fwln.jpg,307
/home/banana/Machine_Learning/CNN/MsCeleb/MsCelebV1-DevSet1/aligned/m.0663jf.jpg,308
/home/banana/Machine_Learning/CNN/MsCeleb/MsCelebV1-DevSet1/aligned/m.0bczjr.jpg,309
/home/banana/Machine_Learning/CNN/MsCeleb/MsCelebV1-DevSet1/aligned/m.0551179.jpg,310
/home/banana/Machine_Learning/CNN/MsCeleb/MsCelebV1-DevSet1/aligned/m.0gbwwl_.jpg,311
/home/banana/Machine_Learning/CNN/MsCeleb/MsCelebV1-DevSet1/aligned/m.0qk33.jpg,312
/home/banana/Machine_Learning/CNN/MsCeleb/MsCelebV1-DevSet1/aligned/m.0k6g7yp.jpg,313
/home/banana/Machine_Learning/CNN/MsCeleb/MsCelebV1-DevSet1/aligned/m.036q7f.jpg,314
/home/banana/Machine_Learning/CNN/MsCeleb/MsCelebV1-DevSet1/aligned/m.06qxx0.jpg,315
/home/banana/Machine_Learning/CNN/MsCeleb/MsCelebV1-DevSet1/aligned/m.06wm0z.jpg,316
/home/banana/Machine_Learning/CNN/MsCeleb/MsCelebV1-DevSet1/aligned/m.07lj4d.jpg,317
/home/banana/Machine_Learning/CNN/MsCeleb/MsCelebV1-DevSet1/aligned/m.0g567x3.jpg,318
/home/banana/Machine_Learning/CNN/MsCeleb/MsCelebV1-DevSet1/aligned/m.07l4_j7.jpg,319
/home/banana/Machine_Learning/CNN/MsCeleb/MsCelebV1-DevSet1/aligned/m.0dx5c4.jpg,320
/home/banana/Machine_Learning/CNN/MsCeleb/MsCelebV1-DevSet1/aligned/m.044wrx.jpg,321
/home/banana/Machine_Learning/CNN/MsCeleb/MsCelebV1-DevSet1/aligned/m.02wlk.jpg,322
/home/banana/Machine_Learning/CNN/MsCeleb/MsCelebV1-DevSet1/aligned/m.01qc5p1.jpg,323
/home/banana/Machine_Learning/CNN/MsCeleb/MsCelebV1-DevSet1/aligned/m.05yqrl.jpg,324
/home/banana/Machine_Learning/CNN/MsCeleb/MsCelebV1-DevSet1/aligned/m.096r6.jpg,325
/home/banana/Machine_Learning/CNN/MsCeleb/MsCelebV1-DevSet1/aligned/m.0dzsqb.jpg,326
/home/banana/Machine_Learning/CNN/MsCeleb/MsCelebV1-DevSet1/aligned/m.033zg8.jpg,327
/home/banana/Machine_Learning/CNN/MsCeleb/MsCelebV1-DevSet1/aligned/m.04gqtfq.jpg,328
/home/banana/Machine_Learning/CNN/MsCeleb/MsCelebV1-DevSet1/aligned/m.069f2v.jpg,329
/home/banana/Machine_Learning/CNN/MsCeleb/MsCelebV1-DevSet1/aligned/m.02zk8.jpg,330
/home/banana/Machine_Learning/CNN/MsCeleb/MsCelebV1-DevSet1/aligned/m.0bjm2.jpg,331
/home/banana/Machine_Learning/CNN/MsCeleb/MsCelebV1-DevSet1/aligned/m.047cqf3.jpg,332
/home/banana/Machine_Learning/CNN/MsCeleb/MsCelebV1-DevSet1/aligned/m.0b4414g.jpg,333
/home/banana/Machine_Learning/CNN/MsCeleb/MsCelebV1-DevSet1/aligned/m.01q1c1p.jpg,334
/home/banana/Machine_Learning/CNN/MsCeleb/MsCelebV1-DevSet1/aligned/m.02w4g9f.jpg,335
/home/banana/Machine_Learning/CNN/MsCeleb/MsCelebV1-DevSet1/aligned/m.013_tp.jpg,336
/home/banana/Machine_Learning/CNN/MsCeleb/MsCelebV1-DevSet1/aligned/m.0bwl79p.jpg,337
/home/banana/Machine_Learning/CNN/MsCeleb/MsCelebV1-DevSet1/aligned/m.0cc6kms.jpg,338
/home/banana/Machine_Learning/CNN/MsCeleb/MsCelebV1-DevSet1/aligned/m.03j3ghh.jpg,339
/home/banana/Machine_Learning/CNN/MsCeleb/MsCelebV1-DevSet1/aligned/m.05f951.jpg,340
/home/banana/Machine_Learning/CNN/MsCeleb/MsCelebV1-DevSet1/aligned/m.05mvpk7.jpg,341
/home/banana/Machine_Learning/CNN/MsCeleb/MsCelebV1-DevSet1/aligned/m.01lmdqz.jpg,342
/home/banana/Machine_Learning/CNN/MsCeleb/MsCelebV1-DevSet1/aligned/m.01pc1lt.jpg,343
/home/banana/Machine_Learning/CNN/MsCeleb/MsCelebV1-DevSet1/aligned/m.02w_h9.jpg,344
/home/banana/Machine_Learning/CNN/MsCeleb/MsCelebV1-DevSet1/aligned/m.01wqt5h.jpg,345
/home/banana/Machine_Learning/CNN/MsCeleb/MsCelebV1-DevSet1/aligned/m.0bl2g.jpg,346
/home/banana/Machine_Learning/CNN/MsCeleb/MsCelebV1-DevSet1/aligned/m.01pss2n.jpg,347
/home/banana/Machine_Learning/CNN/MsCeleb/MsCelebV1-DevSet1/aligned/m.025yjz6.jpg,348
/home/banana/Machine_Learning/CNN/MsCeleb/MsCelebV1-DevSet1/aligned/m.01qj8f.jpg,349
/home/banana/Machine_Learning/CNN/MsCeleb/MsCelebV1-DevSet1/aligned/m.09fm75.jpg,350
/home/banana/Machine_Learning/CNN/MsCeleb/MsCelebV1-DevSet1/aligned/m.02h___.jpg,351
/home/banana/Machine_Learning/CNN/MsCeleb/MsCelebV1-DevSet1/aligned/m.0dq47.jpg,352
/home/banana/Machine_Learning/CNN/MsCeleb/MsCelebV1-DevSet1/aligned/m.01fb4n.jpg,353
/home/banana/Machine_Learning/CNN/MsCeleb/MsCelebV1-DevSet1/aligned/m.04hxvg.jpg,354
/home/banana/Machine_Learning/CNN/MsCeleb/MsCelebV1-DevSet1/aligned/m.03j0nln.jpg,355
/home/banana/Machine_Learning/CNN/MsCeleb/MsCelebV1-DevSet1/aligned/m.0h6962r.jpg,356
/home/banana/Machine_Learning/CNN/MsCeleb/MsCelebV1-DevSet1/aligned/m.02x63pb.jpg,357
/home/banana/Machine_Learning/CNN/MsCeleb/MsCelebV1-DevSet1/aligned/m.011zg9.jpg,358
/home/banana/Machine_Learning/CNN/MsCeleb/MsCelebV1-DevSet1/aligned/m.04n2pjf.jpg,359
/home/banana/Machine_Learning/CNN/MsCeleb/MsCelebV1-DevSet1/aligned/m.01_3ds.jpg,360
/home/banana/Machine_Learning/CNN/MsCeleb/MsCelebV1-DevSet1/aligned/m.039jjn.jpg,361
/home/banana/Machine_Learning/CNN/MsCeleb/MsCelebV1-DevSet1/aligned/m.05f946d.jpg,362
/home/banana/Machine_Learning/CNN/MsCeleb/MsCelebV1-DevSet1/aligned/m.051yvyb.jpg,363
/home/banana/Machine_Learning/CNN/MsCeleb/MsCelebV1-DevSet1/aligned/m.09gl474.jpg,364
/home/banana/Machine_Learning/CNN/MsCeleb/MsCelebV1-DevSet1/aligned/m.0kr2x.jpg,365
/home/banana/Machine_Learning/CNN/MsCeleb/MsCelebV1-DevSet1/aligned/m.0c3yd_j.jpg,366
/home/banana/Machine_Learning/CNN/MsCeleb/MsCelebV1-DevSet1/aligned/m.02qqk5c.jpg,367
/home/banana/Machine_Learning/CNN/MsCeleb/MsCelebV1-DevSet1/aligned/m.0fqzvc.jpg,368
/home/banana/Machine_Learning/CNN/MsCeleb/MsCelebV1-DevSet1/aligned/m.027hyk1.jpg,369
/home/banana/Machine_Learning/CNN/MsCeleb/MsCelebV1-DevSet1/aligned/m.09rsz_y.jpg,370
/home/banana/Machine_Learning/CNN/MsCeleb/MsCelebV1-DevSet1/aligned/m.07zv94.jpg,371
/home/banana/Machine_Learning/CNN/MsCeleb/MsCelebV1-DevSet1/aligned/m.03cbqrs.jpg,372
/home/banana/Machine_Learning/CNN/MsCeleb/MsCelebV1-DevSet1/aligned/m.0f8xnk.jpg,373
/home/banana/Machine_Learning/CNN/MsCeleb/MsCelebV1-DevSet1/aligned/m.06x58.jpg,374
/home/banana/Machine_Learning/CNN/MsCeleb/MsCelebV1-DevSet1/aligned/m.080lvkb.jpg,375
/home/banana/Machine_Learning/CNN/MsCeleb/MsCelebV1-DevSet1/aligned/m.06rc66.jpg,376
/home/banana/Machine_Learning/CNN/MsCeleb/MsCelebV1-DevSet1/aligned/m.0g9m4.jpg,377
/home/banana/Machine_Learning/CNN/MsCeleb/MsCelebV1-DevSet1/aligned/m.04cnzx.jpg,378
/home/banana/Machine_Learning/CNN/MsCeleb/MsCelebV1-DevSet1/aligned/m.01l2d48.jpg,379
/home/banana/Machine_Learning/CNN/MsCeleb/MsCelebV1-DevSet1/aligned/m.055xfx.jpg,380
/home/banana/Machine_Learning/CNN/MsCeleb/MsCelebV1-DevSet1/aligned/m.0d1b8_.jpg,381
/home/banana/Machine_Learning/CNN/MsCeleb/MsCelebV1-DevSet1/aligned/m.027wxz6.jpg,382
/home/banana/Machine_Learning/CNN/MsCeleb/MsCelebV1-DevSet1/aligned/m.0bhc15h.jpg,383
/home/banana/Machine_Learning/CNN/MsCeleb/MsCelebV1-DevSet1/aligned/m.03ckqmj.jpg,384
/home/banana/Machine_Learning/CNN/MsCeleb/MsCelebV1-DevSet1/aligned/m.043qv.jpg,385
/home/banana/Machine_Learning/CNN/MsCeleb/MsCelebV1-DevSet1/aligned/m.0ftqr.jpg,386
/home/banana/Machine_Learning/CNN/MsCeleb/MsCelebV1-DevSet1/aligned/m.06fmzy.jpg,387
/home/banana/Machine_Learning/CNN/MsCeleb/MsCelebV1-DevSet1/aligned/m.03gr7w.jpg,388
/home/banana/Machine_Learning/CNN/MsCeleb/MsCelebV1-DevSet1/aligned/m.0hr3g.jpg,389
/home/banana/Machine_Learning/CNN/MsCeleb/MsCelebV1-DevSet1/aligned/m.04j0xs.jpg,390
/home/banana/Machine_Learning/CNN/MsCeleb/MsCelebV1-DevSet1/aligned/m.06ztd0d.jpg,391
/home/banana/Machine_Learning/CNN/MsCeleb/MsCelebV1-DevSet1/aligned/m.027_sn3.jpg,392
/home/banana/Machine_Learning/CNN/MsCeleb/MsCelebV1-DevSet1/aligned/m.06wgc5.jpg,393
/home/banana/Machine_Learning/CNN/MsCeleb/MsCelebV1-DevSet1/aligned/m.03d3dvr.jpg,394
/home/banana/Machine_Learning/CNN/MsCeleb/MsCelebV1-DevSet1/aligned/m.03wn4q.jpg,395
/home/banana/Machine_Learning/CNN/MsCeleb/MsCelebV1-DevSet1/aligned/m.0fp_d45.jpg,396
/home/banana/Machine_Learning/CNN/MsCeleb/MsCelebV1-DevSet1/aligned/m.02_vch.jpg,397
/home/banana/Machine_Learning/CNN/MsCeleb/MsCelebV1-DevSet1/aligned/m.0ds98nx.jpg,398
/home/banana/Machine_Learning/CNN/MsCeleb/MsCelebV1-DevSet1/aligned/m.0bmf_m3.jpg,399
/home/banana/Machine_Learning/CNN/MsCeleb/MsCelebV1-DevSet1/aligned/m.094ccm.jpg,400
/home/banana/Machine_Learning/CNN/MsCeleb/MsCelebV1-DevSet1/aligned/m.07jf_p.jpg,401
/home/banana/Machine_Learning/CNN/MsCeleb/MsCelebV1-DevSet1/aligned/m.0nc7ddw.jpg,402
/home/banana/Machine_Learning/CNN/MsCeleb/MsCelebV1-DevSet1/aligned/m.04s2b6.jpg,403
/home/banana/Machine_Learning/CNN/MsCeleb/MsCelebV1-DevSet1/aligned/m.0mq4q.jpg,404
/home/banana/Machine_Learning/CNN/MsCeleb/MsCelebV1-DevSet1/aligned/m.05db_7.jpg,405
/home/banana/Machine_Learning/CNN/MsCeleb/MsCelebV1-DevSet1/aligned/m.05znlw3.jpg,406
/home/banana/Machine_Learning/CNN/MsCeleb/MsCelebV1-DevSet1/aligned/m.06xjg1.jpg,407
/home/banana/Machine_Learning/CNN/MsCeleb/MsCelebV1-DevSet1/aligned/m.02q38w4.jpg,408
/home/banana/Machine_Learning/CNN/MsCeleb/MsCelebV1-DevSet1/aligned/m.0q43q.jpg,409
/home/banana/Machine_Learning/CNN/MsCeleb/MsCelebV1-DevSet1/aligned/m.041twg.jpg,410
/home/banana/Machine_Learning/CNN/MsCeleb/MsCelebV1-DevSet1/aligned/m.04jljk.jpg,411
/home/banana/Machine_Learning/CNN/MsCeleb/MsCelebV1-DevSet1/aligned/m.0brl4q.jpg,412
/home/banana/Machine_Learning/CNN/MsCeleb/MsCelebV1-DevSet1/aligned/m.04lf19q.jpg,413
/home/banana/Machine_Learning/CNN/MsCeleb/MsCelebV1-DevSet1/aligned/m.02z51yq.jpg,414
/home/banana/Machine_Learning/CNN/MsCeleb/MsCelebV1-DevSet1/aligned/m.0g4t0d.jpg,415
/home/banana/Machine_Learning/CNN/MsCeleb/MsCelebV1-DevSet1/aligned/m.021fy5.jpg,416
/home/banana/Machine_Learning/CNN/MsCeleb/MsCelebV1-DevSet1/aligned/m.047ppz0.jpg,417
/home/banana/Machine_Learning/CNN/MsCeleb/MsCelebV1-DevSet1/aligned/m.087d4m.jpg,418
/home/banana/Machine_Learning/CNN/MsCeleb/MsCelebV1-DevSet1/aligned/m.0dlmdn_.jpg,419
/home/banana/Machine_Learning/CNN/MsCeleb/MsCelebV1-DevSet1/aligned/m.056f4m.jpg,420
/home/banana/Machine_Learning/CNN/MsCeleb/MsCelebV1-DevSet1/aligned/m.04vky2.jpg,421
/home/banana/Machine_Learning/CNN/MsCeleb/MsCelebV1-DevSet1/aligned/m.0gy19gp.jpg,422
/home/banana/Machine_Learning/CNN/MsCeleb/MsCelebV1-DevSet1/aligned/m.054cpf.jpg,423
/home/banana/Machine_Learning/CNN/MsCeleb/MsCelebV1-DevSet1/aligned/m.0d4_x9.jpg,424
/home/banana/Machine_Learning/CNN/MsCeleb/MsCelebV1-DevSet1/aligned/m.0c3_c3m.jpg,425
/home/banana/Machine_Learning/CNN/MsCeleb/MsCelebV1-DevSet1/aligned/m.06w7jl9.jpg,426
/home/banana/Machine_Learning/CNN/MsCeleb/MsCelebV1-DevSet1/aligned/m.08h9mj.jpg,427
/home/banana/Machine_Learning/CNN/MsCeleb/MsCelebV1-DevSet1/aligned/m.016vz1.jpg,428
/home/banana/Machine_Learning/CNN/MsCeleb/MsCelebV1-DevSet1/aligned/m.0c8_wj.jpg,429
/home/banana/Machine_Learning/CNN/MsCeleb/MsCelebV1-DevSet1/aligned/m.04m_2pr.jpg,430
/home/banana/Machine_Learning/CNN/MsCeleb/MsCelebV1-DevSet1/aligned/m.0271dpr.jpg,431
/home/banana/Machine_Learning/CNN/MsCeleb/MsCelebV1-DevSet1/aligned/m.02z84_3.jpg,432
/home/banana/Machine_Learning/CNN/MsCeleb/MsCelebV1-DevSet1/aligned/m.03lpdd.jpg,433
/home/banana/Machine_Learning/CNN/MsCeleb/MsCelebV1-DevSet1/aligned/m.0hw1j.jpg,434
/home/banana/Machine_Learning/CNN/MsCeleb/MsCelebV1-DevSet1/aligned/m.0g9xp95.jpg,435
/home/banana/Machine_Learning/CNN/MsCeleb/MsCelebV1-DevSet1/aligned/m.09zmhp.jpg,436
/home/banana/Machine_Learning/CNN/MsCeleb/MsCelebV1-DevSet1/aligned/m.063383.jpg,437
/home/banana/Machine_Learning/CNN/MsCeleb/MsCelebV1-DevSet1/aligned/m.09p74_z.jpg,438
/home/banana/Machine_Learning/CNN/MsCeleb/MsCelebV1-DevSet1/aligned/m.01m1qkq.jpg,439
/home/banana/Machine_Learning/CNN/MsCeleb/MsCelebV1-DevSet1/aligned/m.01lnwh9.jpg,440
/home/banana/Machine_Learning/CNN/MsCeleb/MsCelebV1-DevSet1/aligned/m.022w2t.jpg,441
/home/banana/Machine_Learning/CNN/MsCeleb/MsCelebV1-DevSet1/aligned/m.0cgx0n.jpg,442
/home/banana/Machine_Learning/CNN/MsCeleb/MsCelebV1-DevSet1/aligned/m.04790n.jpg,443
/home/banana/Machine_Learning/CNN/MsCeleb/MsCelebV1-DevSet1/aligned/m.0268h13.jpg,444
/home/banana/Machine_Learning/CNN/MsCeleb/MsCelebV1-DevSet1/aligned/m.0dljhbc.jpg,445
/home/banana/Machine_Learning/CNN/MsCeleb/MsCelebV1-DevSet1/aligned/m.0417qk.jpg,446
/home/banana/Machine_Learning/CNN/MsCeleb/MsCelebV1-DevSet1/aligned/m.0ds4lwj.jpg,447
/home/banana/Machine_Learning/CNN/MsCeleb/MsCelebV1-DevSet1/aligned/m.01xcbv.jpg,448
/home/banana/Machine_Learning/CNN/MsCeleb/MsCelebV1-DevSet1/aligned/m.01_thm.jpg,449
/home/banana/Machine_Learning/CNN/MsCeleb/MsCelebV1-DevSet1/aligned/m.0456xp.jpg,450
/home/banana/Machine_Learning/CNN/MsCeleb/MsCelebV1-DevSet1/aligned/m.0282ml0.jpg,451
/home/banana/Machine_Learning/CNN/MsCeleb/MsCelebV1-DevSet1/aligned/m.02z53lz.jpg,452
/home/banana/Machine_Learning/CNN/MsCeleb/MsCelebV1-DevSet1/aligned/m.0173wy.jpg,453
/home/banana/Machine_Learning/CNN/MsCeleb/MsCelebV1-DevSet1/aligned/m.04jqhj.jpg,454
/home/banana/Machine_Learning/CNN/MsCeleb/MsCelebV1-DevSet1/aligned/m.06127v.jpg,455
/home/banana/Machine_Learning/CNN/MsCeleb/MsCelebV1-DevSet1/aligned/m.03f4yt.jpg,456
/home/banana/Machine_Learning/CNN/MsCeleb/MsCelebV1-DevSet1/aligned/m.0h1h4b4.jpg,457
/home/banana/Machine_Learning/CNN/MsCeleb/MsCelebV1-DevSet1/aligned/m.01fpkg.jpg,458
/home/banana/Machine_Learning/CNN/MsCeleb/MsCelebV1-DevSet1/aligned/m.0278j19.jpg,459
/home/banana/Machine_Learning/CNN/MsCeleb/MsCelebV1-DevSet1/aligned/m.0660d0p.jpg,460
/home/banana/Machine_Learning/CNN/MsCeleb/MsCelebV1-DevSet1/aligned/m.026308k.jpg,461
/home/banana/Machine_Learning/CNN/MsCeleb/MsCelebV1-DevSet1/aligned/m.04ptqp.jpg,462
/home/banana/Machine_Learning/CNN/MsCeleb/MsCelebV1-DevSet1/aligned/m.02p_yt3.jpg,463
/home/banana/Machine_Learning/CNN/MsCeleb/MsCelebV1-DevSet1/aligned/m.086lhd.jpg,464
/home/banana/Machine_Learning/CNN/MsCeleb/MsCelebV1-DevSet1/aligned/m.06fjl2.jpg,465
/home/banana/Machine_Learning/CNN/MsCeleb/MsCelebV1-DevSet1/aligned/m.01vklb1.jpg,466
/home/banana/Machine_Learning/CNN/MsCeleb/MsCelebV1-DevSet1/aligned/m.0h004m.jpg,467
/home/banana/Machine_Learning/CNN/MsCeleb/MsCelebV1-DevSet1/aligned/m.0c0b9c.jpg,468
/home/banana/Machine_Learning/CNN/MsCeleb/MsCelebV1-DevSet1/aligned/m.01wm_xm.jpg,469
/home/banana/Machine_Learning/CNN/MsCeleb/MsCelebV1-DevSet1/aligned/m.0gvqw50.jpg,470
/home/banana/Machine_Learning/CNN/MsCeleb/MsCelebV1-DevSet1/aligned/m.025l5.jpg,471
/home/banana/Machine_Learning/CNN/MsCeleb/MsCelebV1-DevSet1/aligned/m.02cmrd.jpg,472
/home/banana/Machine_Learning/CNN/MsCeleb/MsCelebV1-DevSet1/aligned/m.03pdz3.jpg,473
/home/banana/Machine_Learning/CNN/MsCeleb/MsCelebV1-DevSet1/aligned/m.0d9fz3.jpg,474
/home/banana/Machine_Learning/CNN/MsCeleb/MsCelebV1-DevSet1/aligned/m.0drx0my.jpg,475
/home/banana/Machine_Learning/CNN/MsCeleb/MsCelebV1-DevSet1/aligned/m.06y7d.jpg,476
/home/banana/Machine_Learning/CNN/MsCeleb/MsCelebV1-DevSet1/aligned/m.02kf61.jpg,477
/home/banana/Machine_Learning/CNN/MsCeleb/MsCelebV1-DevSet1/aligned/m.0ccjr7.jpg,478
/home/banana/Machine_Learning/CNN/MsCeleb/MsCelebV1-DevSet1/aligned/m.04tb54.jpg,479
/home/banana/Machine_Learning/CNN/MsCeleb/MsCelebV1-DevSet1/aligned/m.07kcvzh.jpg,480
/home/banana/Machine_Learning/CNN/MsCeleb/MsCelebV1-DevSet1/aligned/m.0261dcp.jpg,481
/home/banana/Machine_Learning/CNN/MsCeleb/MsCelebV1-DevSet1/aligned/m.0gtx_4g.jpg,482
/home/banana/Machine_Learning/CNN/MsCeleb/MsCelebV1-DevSet1/aligned/m.06zl2qh.jpg,483
/home/banana/Machine_Learning/CNN/MsCeleb/MsCelebV1-DevSet1/aligned/m.0h3nzng.jpg,484
/home/banana/Machine_Learning/CNN/MsCeleb/MsCelebV1-DevSet1/aligned/m.06ld23.jpg,485
/home/banana/Machine_Learning/CNN/MsCeleb/MsCelebV1-DevSet1/aligned/m.0cnqgs.jpg,486
/home/banana/Machine_Learning/CNN/MsCeleb/MsCelebV1-DevSet1/aligned/m.082_p.jpg,487
/home/banana/Machine_Learning/CNN/MsCeleb/MsCelebV1-DevSet1/aligned/m.051vj08.jpg,488
/home/banana/Machine_Learning/CNN/MsCeleb/MsCelebV1-DevSet1/aligned/m.0c7zzd.jpg,489
/home/banana/Machine_Learning/CNN/MsCeleb/MsCelebV1-DevSet1/aligned/m.07x4nn.jpg,490
/home/banana/Machine_Learning/CNN/MsCeleb/MsCelebV1-DevSet1/aligned/m.0g5rslp.jpg,491
/home/banana/Machine_Learning/CNN/MsCeleb/MsCelebV1-DevSet1/aligned/m.02z1hcl.jpg,492
/home/banana/Machine_Learning/CNN/MsCeleb/MsCelebV1-DevSet1/aligned/m.038z5z.jpg,493
/home/banana/Machine_Learning/CNN/MsCeleb/MsCelebV1-DevSet1/aligned/m.08t051.jpg,494
/home/banana/Machine_Learning/CNN/MsCeleb/MsCelebV1-DevSet1/aligned/m.05p8j2j.jpg,495
/home/banana/Machine_Learning/CNN/MsCeleb/MsCelebV1-DevSet1/aligned/m.08h38k.jpg,496
/home/banana/Machine_Learning/CNN/MsCeleb/MsCelebV1-DevSet1/aligned/m.07n98r2.jpg,497
/home/banana/Machine_Learning/CNN/MsCeleb/MsCelebV1-DevSet1/aligned/m.0b05wf.jpg,498
/home/banana/Machine_Learning/CNN/MsCeleb/MsCelebV1-DevSet1/aligned/m.02rt1vk.jpg,499
